﻿<?xml version="1.0" encoding="utf-8" ?>
<ArrayOfModulePage xmlns:xsi="http://www.w3.org/2001/XMLSchema-instance" xmlns:xsd="http://www.w3.org/2001/XMLSchema">

  <!--Master-->
  <ModulePage>
    <Type>2</Type>
    <Action>ClubAddMember</Action>
  </ModulePage>
  
  <ModulePage>
    <Type>2</Type>
    <Action>ClubApplyMessageList</Action>
  </ModulePage>
  <ModulePage>
    <Type>2</Type>
    <Action>ClubApplyOperate</Action>
  </ModulePage>
  <ModulePage>
    <Type>2</Type>
    <Action>ClubAutoCreateInit</Action>
  </ModulePage>
  <ModulePage>
    <Type>2</Type>
    <Action>ClubAutoCreateRoom</Action>
  </ModulePage>
  <ModulePage>
    <Type>2</Type>
    <Action>ClubGameBind</Action>
  </ModulePage> 
  <ModulePage>
    <Type>2</Type>
    <Action>ClubGameBound</Action>
  </ModulePage>
  <ModulePage>
    <Type>2</Type>
    <Action>ClubMemberList</Action>
  </ModulePage>
  <ModulePage>
    <Type>2</Type>
    <Action>ClubMemberLog</Action>
  </ModulePage>
  <ModulePage>
    <Type>2</Type>
    <Action>ClubReportTotal</Action>
  </ModulePage>
  <ModulePage>
    <Type>2</Type>
    <Action>ClubSetUserRole</Action>
  </ModulePage>
  <ModulePage>
    <Type>2</Type>
    <Action>UpdateClubInfo</Action>
  </ModulePage>
  
  
  
  
  <!--Customer-->
  <ModulePage>
    <Type>0</Type>
    <Action>ClubExit</Action>
  </ModulePage>
  <ModulePage>
    <Type>0</Type>
    <Action>ClubGameList</Action>
  </ModulePage>
  <ModulePage>
    <Type>0</Type>
    <Action>ClubGameRoomList</Action>
  </ModulePage>
  <ModulePage>
    <Type>0</Type>
    <Action>ClubList</Action>
  </ModulePage>
  <ModulePage>
    <Type>0</Type>
    <Action>ClubOperateValidate</Action>
  </ModulePage>
  <ModulePage>
    <Type>0</Type>
    <Action>ClubRankList</Action>
  </ModulePage>
  <ModulePage>
    <Type>0</Type>
    <Action>ClubUserRole</Action>
  </ModulePage>
  <ModulePage>
    <Type>0</Type>
    <Action>CreateClub</Action>
  </ModulePage>
  <ModulePage>
    <Type>0</Type>
    <Action>CreateClubValidate</Action>
  </ModulePage>
  <ModulePage>
    <Type>0</Type>
    <Action>GetClubHomeInfo</Action>
  </ModulePage>
  <ModulePage>
    <Type>0</Type>
    <Action>GetClubInfo</Action>
  </ModulePage>
  
  <ModulePage>
    <Type>0</Type>
    <Action>JoinClub</Action>
  </ModulePage>
  <ModulePage>
    <Type>0</Type>
    <Action>UserInfoCellClub</Action>
  </ModulePage>


</ArrayOfModulePage>