﻿<?xml version="1.0" encoding="utf-8"?>
<bcaster>
  <item id="1008" name="aaa游戏" domain="aaa.aaa.com" recordnum="TEST" IsStandAlone="0" />
  <item id="1009" name="紫金阁11" domain="aaa.dnn.cn" recordnum="0"  IsStandAlone="0" />
  <item id="1" name="紫金阁" domain="www.dnn.cn" recordnum="0"  IsStandAlone="0" />
  <item id="951" name="紫金阁" domain="a951.dnn.cn" recordnum="0" />
  <item id="950" name="紫金阁" domain="a950.dnn.cn" recordnum="0" />
  <item id="949" name="紫金阁" domain="a949.dnn.cn" recordnum="0" />
  <item id="948" name="紫金阁" domain="a948.dnn.cn" recordnum="0" />
  <item id="947" name="紫金阁" domain="a947.dnn.cn" recordnum="0" />
  <item id="946" name="紫金阁" domain="a946.dnn.cn" recordnum="0" />
  <item id="945" name="紫金阁" domain="a945.dnn.cn" recordnum="0" />
  <item id="944" name="紫金阁" domain="cv12.dnn.cn" recordnum="0" />
  <item id="943" name="紫金阁" domain="a943.dnn.cn" recordnum="0" />
  <item id="942" name="紫金阁" domain="0335a.dnn.cn" recordnum="0" />
  <item id="941" name="紫金阁" domain="a941.dnn.cn" recordnum="0" />
  <item id="940" name="紫金阁" domain="a940.dnn.cn" recordnum="0" />
  <item id="939" name="紫金阁" domain="agm.dnn.cn" recordnum="0" />
  <item id="938" name="紫金阁" domain="5566.dnn.cn" recordnum="0" />
  <item id="937" name="紫金阁" domain="a937.dnn.cn" recordnum="0" />
  <item id="936" name="紫金阁" domain="a936.dnn.cn" recordnum="0" />
  <item id="935" name="紫金阁" domain="112233.dnn.cn" recordnum="0" />
  <item id="934" name="紫金阁" domain="a934.dnn.cn" recordnum="0" />
  <item id="933" name="紫金阁" domain="1152.dnn.cn" recordnum="0" />
  <item id="932" name="紫金阁" domain="a932.dnn.cn" recordnum="0" />
  <item id="931" name="紫金阁" domain="a931.dnn.cn" recordnum="0" />
  <item id="930" name="紫金阁" domain="a930.dnn.cn" recordnum="0" />
  <item id="929" name="紫金阁" domain="a929.dnn.cn" recordnum="0" />
  <item id="928" name="紫金阁" domain="a928.dnn.cn" recordnum="0" />
  <item id="927" name="紫金阁" domain="a927.dnn.cn" recordnum="0" />
  <item id="926" name="紫金阁" domain="a926.dnn.cn" recordnum="0" />
  <item id="925" name="紫金阁" domain="a925.dnn.cn" recordnum="0" />
  <item id="924" name="紫金阁" domain="a924.dnn.cn" recordnum="0" />
  <item id="923" name="紫金阁" domain="lh168.dnn.cn" recordnum="0" />
  <item id="922" name="紫金阁" domain="a922.dnn.cn" recordnum="0" />
  <item id="921" name="紫金阁" domain="a921.dnn.cn" recordnum="0" />
  <item id="920" name="紫金阁" domain="a920.dnn.cn" recordnum="0" />
  <item id="919" name="紫金阁" domain="a919.dnn.cn" recordnum="0" />
  <item id="918" name="紫金阁" domain="a918.dnn.cn" recordnum="0" />
  <item id="917" name="紫金阁" domain="a917.dnn.cn" recordnum="0" />
  <item id="916" name="紫金阁" domain="a916.dnn.cn" recordnum="0" />
  <item id="915" name="紫金阁" domain="a915.dnn.cn" recordnum="0" />
  <item id="914" name="紫金阁" domain="a914.dnn.cn" recordnum="0" />
  <item id="913" name="紫金阁" domain="a913.dnn.cn" recordnum="0" />
  <item id="912" name="紫金阁" domain="a912.dnn.cn" recordnum="0" />
  <item id="911" name="紫金阁" domain="a911.dnn.cn" recordnum="0" />
  <item id="910" name="紫金阁" domain="a910.dnn.cn" recordnum="0" />
  <item id="909" name="紫金阁" domain="a909.dnn.cn" recordnum="0" />
  <item id="908" name="紫金阁" domain="a908.dnn.cn" recordnum="0" />
  <item id="907" name="紫金阁" domain="163.dnn.cn" recordnum="0" />
  <item id="906" name="紫金阁" domain="a906.dnn.cn" recordnum="0" />
  <item id="905" name="紫金阁" domain="a905.dnn.cn" recordnum="0" />
  <item id="904" name="紫金阁" domain="eternal.dnn.cn" recordnum="0" />
  <item id="903" name="紫金阁" domain="520.dnn.cn" recordnum="0" />
  <item id="902" name="紫金阁" domain="a902.dnn.cn" recordnum="0" />
  <item id="901" name="紫金阁" domain="a901.dnn.cn" recordnum="0" />
  <item id="900" name="紫金阁" domain="a900.dnn.cn" recordnum="0" />
  <item id="899" name="紫金阁" domain="a899.dnn.cn" recordnum="0" />
  <item id="898" name="紫金阁" domain="a898.dnn.cn" recordnum="0" />
  <item id="897" name="紫金阁" domain="a897.dnn.cn" recordnum="0" />
  <item id="896" name="紫金阁" domain="a896.dnn.cn" recordnum="0" />
  <item id="895" name="紫金阁" domain="a895.dnn.cn" recordnum="0" />
  <item id="894" name="紫金阁" domain="a894.dnn.cn" recordnum="0" />
  <item id="893" name="紫金阁" domain="a893.dnn.cn" recordnum="0" />
  <item id="892" name="紫金阁" domain="a892.dnn.cn" recordnum="0" />
  <item id="891" name="紫金阁" domain="a891.dnn.cn" recordnum="0" />
  <item id="890" name="紫金阁" domain="0335c.dnn.cn" recordnum="0" />
  <item id="889" name="紫金阁" domain="0335.dnn.cn" recordnum="0" />
  <item id="888" name="紫金阁" domain="a888.dnn.cn" recordnum="0" />
  <item id="887" name="紫金阁" domain="a887.dnn.cn" recordnum="0" />
  <item id="886" name="紫金阁" domain="a886.dnn.cn" recordnum="0" />
  <item id="885" name="紫金阁" domain="a885.dnn.cn" recordnum="0" />
  <item id="884" name="紫金阁" domain="a884.dnn.cn" recordnum="0" />
  <item id="883" name="紫金阁" domain="a883.dnn.cn" recordnum="0" />
  <item id="882" name="紫金阁" domain="a882.dnn.cn" recordnum="0" />
  <item id="881" name="紫金阁" domain="a881.dnn.cn" recordnum="0" />
  <item id="880" name="紫金阁" domain="a880.dnn.cn" recordnum="0" />
  <item id="879" name="紫金阁" domain="a879.dnn.cn" recordnum="0" />
  <item id="878" name="紫金阁" domain="a878.dnn.cn" recordnum="0" />
  <item id="877" name="紫金阁" domain="a877.dnn.cn" recordnum="0" />
  <item id="876" name="紫金阁" domain="a876.dnn.cn" recordnum="0" />
  <item id="875" name="紫金阁" domain="a875.dnn.cn" recordnum="0" />
  <item id="874" name="紫金阁" domain="a874.dnn.cn" recordnum="0" />
  <item id="873" name="紫金阁" domain="a873.dnn.cn" recordnum="0" />
  <item id="872" name="紫金阁" domain="a872.dnn.cn" recordnum="0" />
  <item id="871" name="紫金阁" domain="a871.dnn.cn" recordnum="0" />
  <item id="870" name="紫金阁" domain="a870.dnn.cn" recordnum="0" />
  <item id="869" name="紫金阁" domain="a869.dnn.cn" recordnum="0" />
  <item id="868" name="紫金阁" domain="a868.dnn.cn" recordnum="0" />
  <item id="867" name="紫金阁" domain="a867.dnn.cn" recordnum="0" />
  <item id="866" name="紫金阁" domain="a866.dnn.cn" recordnum="0" />
  <item id="865" name="紫金阁" domain="a865.dnn.cn" recordnum="0" />
  <item id="864" name="紫金阁" domain="a864.dnn.cn" recordnum="0" />
  <item id="863" name="紫金阁" domain="a863.dnn.cn" recordnum="0" />
  <item id="862" name="紫金阁" domain="a862.dnn.cn" recordnum="0" />
  <item id="861" name="紫金阁" domain="a861.dnn.cn" recordnum="0" />
  <item id="860" name="紫金阁" domain="a860.dnn.cn" recordnum="0" />
  <item id="859" name="紫金阁" domain="a859.dnn.cn" recordnum="0" />
  <item id="858" name="紫金阁" domain="mytest2.dnn.cn" recordnum="0" />
  <item id="857" name="紫金阁" domain="mytest1.dnn.cn" recordnum="0" />
  <item id="856" name="紫金阁" domain="181.dnn.cn" recordnum="0" />
  <item id="855" name="紫金阁" domain="a855.dnn.cn" recordnum="0" />
  <item id="854" name="紫金阁" domain="a854.dnn.cn" recordnum="0" />
  <item id="853" name="紫金阁" domain="a853.dnn.cn" recordnum="0" />
  <item id="852" name="紫金阁" domain="a852.dnn.cn" recordnum="0" />
  <item id="851" name="紫金阁" domain="att.dnn.cn" recordnum="0" />
  <item id="850" name="紫金阁" domain="a850.dnn.cn" recordnum="0" />
  <item id="849" name="紫金阁" domain="a849.dnn.cn" recordnum="0" />
  <item id="848" name="紫金阁" domain="a848.dnn.cn" recordnum="0" />
  <item id="847" name="紫金阁" domain="a847.dnn.cn" recordnum="0" />
  <item id="846" name="紫金阁" domain="a846.dnn.cn" recordnum="0" />
  <item id="845" name="紫金阁" domain="a845.dnn.cn" recordnum="0" />
  <item id="844" name="紫金阁" domain="a844.dnn.cn" recordnum="0" />
  <item id="843" name="紫金阁" domain="a843.dnn.cn" recordnum="0" />
  <item id="842" name="紫金阁" domain="a842.dnn.cn" recordnum="0" />
  <item id="841" name="紫金阁" domain="a841.dnn.cn" recordnum="0" />
  <item id="840" name="紫金阁" domain="a840.dnn.cn" recordnum="0" />
  <item id="839" name="紫金阁" domain="a839.dnn.cn" recordnum="0" />
  <item id="838" name="紫金阁" domain="xjc.dnn.cn" recordnum="0" />
  <item id="837" name="紫金阁" domain="a837.dnn.cn" recordnum="0" />
  <item id="836" name="紫金阁" domain="a836.dnn.cn" recordnum="0" />
  <item id="835" name="紫金阁" domain="a835.dnn.cn" recordnum="0" />
  <item id="834" name="紫金阁" domain="a834.dnn.cn" recordnum="0" />
  <item id="833" name="紫金阁" domain="ysg.dnn.cn" recordnum="0" />
  <item id="832" name="紫金阁" domain="a832.dnn.cn" recordnum="0" />
  <item id="831" name="紫金阁" domain="a831.dnn.cn" recordnum="0" />
  <item id="830" name="紫金阁" domain="a830.dnn.cn" recordnum="0" />
  <item id="829" name="紫金阁" domain="a829.dnn.cn" recordnum="0" />
  <item id="828" name="紫金阁" domain="a828.dnn.cn" recordnum="0" />
  <item id="827" name="紫金阁" domain="a827.dnn.cn" recordnum="0" />
  <item id="826" name="紫金阁" domain="a826.dnn.cn" recordnum="0" />
  <item id="825" name="紫金阁" domain="a825.dnn.cn" recordnum="0" />
  <item id="824" name="紫金阁" domain="a824.dnn.cn" recordnum="0" />
  <item id="823" name="紫金阁" domain="a823.dnn.cn" recordnum="0" />
  <item id="822" name="紫金阁" domain="a822.dnn.cn" recordnum="0" />
  <item id="821" name="紫金阁" domain="a821.dnn.cn" recordnum="0" />
  <item id="820" name="紫金阁" domain="a820.dnn.cn" recordnum="0" />
  <item id="819" name="紫金阁" domain="a819.dnn.cn" recordnum="0" />
  <item id="818" name="紫金阁" domain="a818.dnn.cn" recordnum="0" />
  <item id="817" name="紫金阁" domain="234.dnn.cn" recordnum="0" />
  <item id="816" name="紫金阁" domain="www.18xyy.com" recordnum="苏ICP备14026298号-1" />
  <item id="815" name="紫金阁" domain="huan.dnn.cn" recordnum="0" />
  <item id="814" name="紫金阁" domain="a814.dnn.cn" recordnum="0" />
  <item id="813" name="紫金阁" domain="my.dnn.cn" recordnum="0" />
  <item id="812" name="紫金阁" domain="a812.dnn.cn" recordnum="0" />
  <item id="811" name="紫金阁" domain="a811.dnn.cn" recordnum="0" />
  <item id="810" name="紫金阁" domain="a810.dnn.cn" recordnum="0" />
  <item id="809" name="紫金阁" domain="a809.dnn.cn" recordnum="0" />
  <item id="808" name="紫金阁" domain="a808.dnn.cn" recordnum="0" />
  <item id="807" name="紫金阁" domain="a807.dnn.cn" recordnum="0" />
  <item id="806" name="紫金阁" domain="a806.dnn.cn" recordnum="0" />
  <item id="805" name="紫金阁" domain="a805.dnn.cn" recordnum="0" />
  <item id="804" name="紫金阁" domain="a804.dnn.cn" recordnum="0" />
  <item id="803" name="紫金阁" domain="a803.dnn.cn" recordnum="0" />
  <item id="802" name="紫金阁" domain="a802.dnn.cn" recordnum="0" />
  <item id="801" name="紫金阁" domain="a801.dnn.cn" recordnum="0" />
  <item id="800" name="紫金阁" domain="a800.dnn.cn" recordnum="0" />
  <item id="799" name="紫金阁" domain="104.dnn.cn" recordnum="0" />
  <item id="798" name="紫金阁" domain="a798.dnn.cn" recordnum="0" />
  <item id="797" name="紫金阁" domain="a797.dnn.cn" recordnum="0" />
  <item id="796" name="紫金阁" domain="gd123.dnn.cn" recordnum="0" />
  <item id="795" name="紫金阁" domain="a795.dnn.cn" recordnum="0" />
  <item id="794" name="紫金阁" domain="a794.dnn.cn" recordnum="0" />
  <item id="793" name="紫金阁" domain="a793.dnn.cn" recordnum="0" />
  <item id="792" name="紫金阁" domain="a792.dnn.cn" recordnum="0" />
  <item id="791" name="紫金阁" domain="a791.dnn.cn" recordnum="0" />
  <item id="790" name="紫金阁" domain="a790.dnn.cn" recordnum="0" />
  <item id="789" name="紫金阁" domain="a789.dnn.cn" recordnum="0" />
  <item id="788" name="紫金阁" domain="a788.dnn.cn" recordnum="0" />
  <item id="787" name="紫金阁" domain="a787.dnn.cn" recordnum="0" />
  <item id="786" name="紫金阁" domain="a786.dnn.cn" recordnum="0" />
  <item id="785" name="紫金阁" domain="a785.dnn.cn" recordnum="0" />
  <item id="784" name="紫金阁" domain="a784.dnn.cn" recordnum="0" />
  <item id="783" name="紫金阁" domain="a783.dnn.cn" recordnum="0" />
  <item id="782" name="紫金阁" domain="a782.dnn.cn" recordnum="0" />
  <item id="781" name="紫金阁" domain="axing.dnn.cn" recordnum="0" />
  <item id="780" name="紫金阁" domain="a780.dnn.cn" recordnum="0" />
  <item id="779" name="紫金阁" domain="a779.dnn.cn" recordnum="0" />
  <item id="778" name="紫金阁" domain="a778.dnn.cn" recordnum="0" />
  <item id="777" name="紫金阁" domain="a777.dnn.cn" recordnum="0" />
  <item id="776" name="紫金阁" domain="a776.dnn.cn" recordnum="0" />
  <item id="775" name="紫金阁" domain="a775.dnn.cn" recordnum="0" />
  <item id="774" name="紫金阁" domain="a774.dnn.cn" recordnum="0" />
  <item id="773" name="紫金阁" domain="a773.dnn.cn" recordnum="0" />
  <item id="772" name="紫金阁" domain="a772.dnn.cn" recordnum="0" />
  <item id="771" name="紫金阁" domain="a771.dnn.cn" recordnum="0" />
  <item id="770" name="紫金阁" domain="a770.dnn.cn" recordnum="0" />
  <item id="769" name="紫金阁" domain="a769.dnn.cn" recordnum="0" />
  <item id="768" name="紫金阁" domain="a768.dnn.cn" recordnum="0" />
  <item id="767" name="紫金阁" domain="a767.dnn.cn" recordnum="0" />
  <item id="766" name="紫金阁" domain="a753.dnn.cn" recordnum="0" />
  <item id="752" name="紫金阁" domain="a752.dnn.cn" recordnum="0" />
  <item id="751" name="紫金阁" domain="a751.dnn.cn" recordnum="0" />
  <item id="750" name="紫金阁" domain="a750.dnn.cn" recordnum="0" />
  <item id="749" name="紫金阁" domain="0376.dnn.cn" recordnum="0" />
  <item id="748" name="紫金阁" domain="a748.dnn.cn" recordnum="0" />
  <item id="747" name="紫金阁" domain="a747.dnn.cn" recordnum="0" />
  <item id="746" name="紫金阁" domain="a746.dnn.cn" recordnum="0" />
  <item id="745" name="紫金阁" domain="a745.dnn.cn" recordnum="0" />
  <item id="744" name="紫金阁" domain="a744.dnn.cn" recordnum="0" />
  <item id="743" name="紫金阁" domain="a743.dnn.cn" recordnum="0" />
  <item id="742" name="紫金阁" domain="a742.dnn.cn" recordnum="0" />
  <item id="741" name="紫金阁" domain="a741.dnn.cn" recordnum="0" />
  <item id="740" name="紫金阁" domain="a740.dnn.cn" recordnum="0" />
  <item id="739" name="紫金阁" domain="haotest.dnn.cn" recordnum="0" />
  <item id="738" name="紫金阁" domain="a738.dnn.cn" recordnum="0" />
  <item id="737" name="紫金阁" domain="a737.dnn.cn" recordnum="0" />
  <item id="736" name="紫金阁" domain="a736.dnn.cn" recordnum="0" />
  <item id="735" name="紫金阁" domain="a735.dnn.cn" recordnum="0" />
  <item id="734" name="紫金阁" domain="91shy.dnn.cn" recordnum="0" />
  <item id="733" name="紫金阁" domain="a733.dnn.cn" recordnum="0" />
  <item id="732" name="紫金阁" domain="a732.dnn.cn" recordnum="0" />
  <item id="731" name="紫金阁" domain="a731.dnn.cn" recordnum="0" />
  <item id="730" name="紫金阁" domain="a730.dnn.cn" recordnum="0" />
  <item id="729" name="紫金阁" domain="a729.dnn.cn" recordnum="0" />
  <item id="728" name="紫金阁" domain="a728.dnn.cn" recordnum="0" />
  <item id="727" name="紫金阁" domain="lxlx.dnn.cn" recordnum="0" />
  <item id="726" name="紫金阁" domain="zhouk.dnn.cn" recordnum="0" />
  <item id="725" name="紫金阁" domain="qing.dnn.cn" recordnum="0" />
  <item id="724" name="紫金阁" domain="9lin.dnn.cn" recordnum="0" />
  <item id="723" name="紫金阁" domain="a723.dnn.cn" recordnum="0" />
  <item id="722" name="紫金阁" domain="f168.dnn.cn" recordnum="0" />
  <item id="721" name="紫金阁" domain="a721.dnn.cn" recordnum="0" />
  <item id="720" name="紫金阁" domain="1688.dnn.cn" recordnum="0" />
  <item id="719" name="紫金阁" domain="966.dnn.cn" recordnum="0" />
  <item id="718" name="紫金阁" domain="fafa.dnn.cn" recordnum="0" />
  <item id="717" name="紫金阁" domain="8558.dnn.cn" recordnum="0" />
  <item id="716" name="紫金阁" domain="feng.dnn.cn" recordnum="0" />
  <item id="715" name="紫金阁" domain="kaiwei.dnn.cn" recordnum="0" />
  <item id="714" name="紫金阁" domain="1221.dnn.cn" recordnum="0" />
  <item id="713" name="紫金阁" domain="0120.dnn.cn" recordnum="0" />
  <item id="712" name="紫金阁" domain="369.dnn.cn" recordnum="0" />
  <item id="711" name="紫金阁" domain="0312.dnn.cn" recordnum="0" />
  <item id="710" name="紫金阁" domain="aaaaa.dnn.cn" recordnum="0" />
  <item id="709" name="紫金阁" domain="tiyanban.dnn.cn" recordnum="0" />
  <item id="708" name="紫金阁" domain="2288.dnn.cn" recordnum="0" />
  <item id="707" name="紫金阁" domain="a707.dnn.cn" recordnum="0" />
  <item id="706" name="紫金阁" domain="a706.dnn.cn" recordnum="0" />
  <item id="705" name="紫金阁" domain="lianmeng.dnn.cn" recordnum="0" />
  <item id="704" name="紫金阁" domain="123465.dnn.cn" recordnum="0" />
  <item id="703" name="紫金阁" domain="a703.dnn.cn" recordnum="0" />
  <item id="702" name="紫金阁" domain="a702.dnn.cn" recordnum="0" />
  <item id="701" name="紫金阁" domain="188.dnn.cn" recordnum="0" />
  <item id="700" name="紫金阁" domain="a700.dnn.cn" recordnum="0" />
  <item id="699" name="紫金阁" domain="xwx.dnn.cn" recordnum="0" />
  <item id="698" name="紫金阁" domain="lyc1989.dnn.cn" recordnum="0" />
  <item id="697" name="紫金阁" domain="111.dnn.cn" recordnum="0" />
  <item id="696" name="紫金阁" domain="1200.dnn.cn" recordnum="0" />
  <item id="695" name="紫金阁" domain="a695.dnn.cn" recordnum="0" />
  <item id="694" name="紫金阁" domain="1003.dnn.cn" recordnum="0" />
  <item id="693" name="紫金阁" domain="998.dnn.cn" recordnum="0" />
  <item id="692" name="紫金阁" domain="zbf.dnn.cn" recordnum="0" />
  <item id="691" name="紫金阁" domain="a691.dnn.cn" recordnum="0" />
  <item id="690" name="紫金阁" domain="a690.dnn.cn" recordnum="0" />
  <item id="689" name="紫金阁" domain="333333.dnn.cn" recordnum="0" />
  <item id="688" name="紫金阁" domain="zijin.dnn.cn" recordnum="0" />
  <item id="687" name="紫金阁" domain="a687.dnn.cn" recordnum="0" />
  <item id="686" name="紫金阁" domain="hunanren.dnn.cn" recordnum="0" />
  <item id="685" name="紫金阁" domain="a685.dnn.cn" recordnum="0" />
  <item id="684" name="紫金阁" domain="1122.dnn.cn" recordnum="0" />
  <item id="683" name="紫金阁" domain="2211.dnn.cn" recordnum="0" />
  <item id="682" name="紫金阁" domain="li888.dnn.cn" recordnum="0" />
  <item id="681" name="紫金阁" domain="www1.dnn.cn" recordnum="0" />
  <item id="680" name="紫金阁" domain="0117.dnn.cn" recordnum="0" />
  <item id="679" name="紫金阁" domain="1009.dnn.cn" recordnum="0" />
  <item id="678" name="紫金阁" domain="1008.dnn.cn" recordnum="0" />
  <item id="677" name="紫金阁" domain="1007.dnn.cn" recordnum="0" />
  <item id="676" name="紫金阁" domain="1314.dnn.cn" recordnum="0" />
  <item id="675" name="紫金阁" domain="adfaa.dnn.cn" recordnum="0" />
  <item id="674" name="紫金阁" domain="0123.dnn.cn" recordnum="0" />
  <item id="673" name="紫金阁" domain="1118.dnn.cn" recordnum="0" />
  <item id="672" name="紫金阁" domain="a672.dnn.cn" recordnum="0" />
  <item id="671" name="紫金阁" domain="dyj.dnn.cn" recordnum="0" />
  <item id="670" name="紫金阁" domain="a670.dnn.cn" recordnum="0" />
  <item id="669" name="紫金阁" domain="451838029.dnn.cn" recordnum="0" />
  <item id="668" name="紫金阁" domain="a668.dnn.cn" recordnum="0" />
  <item id="667" name="紫金阁" domain="a667.dnn.cn" recordnum="0" />
  <item id="666" name="紫金阁" domain="a666.dnn.cn" recordnum="0" />
  <item id="665" name="紫金阁" domain="1166.dnn.cn" recordnum="0" />
  <item id="664" name="紫金阁" domain="hzh.dnn.cn" recordnum="0" />
  <item id="663" name="紫金阁" domain="a663.dnn.cn" recordnum="0" />
  <item id="662" name="紫金阁" domain="a662.dnn.cn" recordnum="0" />
  <item id="661" name="紫金阁" domain="a661.dnn.cn" recordnum="0" />
  <item id="660" name="紫金阁" domain="a660.dnn.cn" recordnum="0" />
  <item id="659" name="紫金阁" domain="a659.dnn.cn" recordnum="0" />
  <item id="658" name="紫金阁" domain="0234.dnn.cn" recordnum="0" />
  <item id="657" name="紫金阁" domain="a657.dnn.cn" recordnum="0" />
  <item id="656" name="紫金阁" domain="099.dnn.cn" recordnum="0" />
  <item id="655" name="紫金阁" domain="a655.dnn.cn" recordnum="0" />
  <item id="654" name="紫金阁" domain="0220.dnn.cn" recordnum="0" />
  <item id="653" name="紫金阁" domain="0221.dnn.cn" recordnum="0" />
  <item id="652" name="紫金阁" domain="a652.dnn.cn" recordnum="0" />
  <item id="651" name="紫金阁" domain="a651.dnn.cn" recordnum="0" />
  <item id="650" name="紫金阁" domain="0211.dnn.cn" recordnum="0" />
  <item id="649" name="紫金阁" domain="tf1.dnn.cn" recordnum="0" />
  <item id="648" name="紫金阁" domain="tf.dnn.cn" recordnum="0" />
  <item id="647" name="紫金阁" domain="0168.dnn.cn" recordnum="0" />
  <item id="646" name="紫金阁" domain="a646.dnn.cn" recordnum="0" />
  <item id="645" name="紫金阁" domain="a645.dnn.cn" recordnum="0" />
  <item id="644" name="紫金阁" domain="a644.dnn.cn" recordnum="0" />
  <item id="643" name="紫金阁" domain="benlai.dnn.cn" recordnum="0" />
  <item id="642" name="紫金阁" domain="5173.dnn.cn" recordnum="0" />
  <item id="641" name="紫金阁" domain="0739.dnn.cn" recordnum="0" />
  <item id="640" name="紫金阁" domain="hywl.dnn.cn" recordnum="0" />
  <item id="639" name="紫金阁" domain="0888.dnn.cn" recordnum="0" />
  <item id="638" name="紫金阁" domain="a638.dnn.cn" recordnum="0" />
  <item id="637" name="紫金阁" domain="0205.dnn.cn" recordnum="0" />
  <item id="636" name="紫金阁" domain="xiaodong.dnn.cn" recordnum="0" />
  <item id="635" name="紫金阁" domain="0210.dnn.cn" recordnum="0" />
  <item id="634" name="紫金阁" domain="0188.dnn.cn" recordnum="0" />
  <item id="633" name="紫金阁" domain="0118.dnn.cn" recordnum="0" />
  <item id="632" name="紫金阁" domain="a632.dnn.cn" recordnum="0" />
  <item id="631" name="紫金阁" domain="a631.dnn.cn" recordnum="0" />
  <item id="630" name="紫金阁" domain="a630.dnn.cn" recordnum="0" />
  <item id="629" name="紫金阁" domain="a629.dnn.cn" recordnum="0" />
  <item id="628" name="紫金阁" domain="688.dnn.cn" recordnum="0" />
  <item id="627" name="紫金阁" domain="a627.dnn.cn" recordnum="0" />
  <item id="626" name="紫金阁" domain="12336.dnn.cn" recordnum="0" />
  <item id="625" name="紫金阁" domain="a625.dnn.cn" recordnum="0" />
  <item id="624" name="紫金阁" domain="a624.dnn.cn" recordnum="0" />
  <item id="623" name="紫金阁" domain="a623.dnn.cn" recordnum="0" />
  <item id="622" name="紫金阁" domain="zijinge.dnn.cn" recordnum="0" />
  <item id="621" name="紫金阁" domain="kba.dnn.cn" recordnum="0" />
  <item id="620" name="紫金阁" domain="a620.dnn.cn" recordnum="0" />
  <item id="619" name="紫金阁" domain="a619.dnn.cn" recordnum="0" />
  <item id="618" name="紫金阁" domain="wzb.dnn.cn" recordnum="0" />
  <item id="617" name="紫金阁" domain="0201.dnn.cn" recordnum="0" />
  <item id="616" name="紫金阁" domain="yaxi.dnn.cn" recordnum="0" />
  <item id="615" name="紫金阁" domain="a615.dnn.cn" recordnum="0" />
  <item id="614" name="紫金阁" domain="861.dnn.cn" recordnum="0" />
  <item id="613" name="紫金阁" domain="a613.dnn.cn" recordnum="0" />
  <item id="612" name="紫金阁" domain="a612.dnn.cn" recordnum="0" />
  <item id="611" name="紫金阁" domain="0200.dnn.cn" recordnum="0" />
  <item id="610" name="紫金阁" domain="a610.dnn.cn" recordnum="0" />
  <item id="609" name="紫金阁" domain="a609.dnn.cn" recordnum="0" />
  <item id="608" name="紫金阁" domain="a608.dnn.cn" recordnum="0" />
  <item id="607" name="紫金阁" domain="7777.dnn.cn" recordnum="0" />
  <item id="606" name="紫金阁" domain="0116.dnn.cn" recordnum="0" />
  <item id="605" name="紫金阁" domain="a605.dnn.cn" recordnum="0" />
  <item id="604" name="紫金阁" domain="a604.dnn.cn" recordnum="0" />
  <item id="603" name="紫金阁" domain="a603.dnn.cn" recordnum="0" />
  <item id="602" name="紫金阁" domain="a602.dnn.cn" recordnum="0" />
  <item id="601" name="紫金阁" domain="a601.dnn.cn" recordnum="0" />
  <item id="600" name="紫金阁" domain="a600.dnn.cn" recordnum="0" />
  <item id="599" name="紫金阁" domain="a599.dnn.cn" recordnum="0" />
  <item id="598" name="紫金阁" domain="a598.dnn.cn" recordnum="0" />
  <item id="597" name="紫金阁" domain="a597.dnn.cn" recordnum="0" />
  <item id="596" name="紫金阁" domain="a596.dnn.cn" recordnum="0" />
  <item id="595" name="紫金阁" domain="a595.dnn.cn" recordnum="0" />
  <item id="594" name="紫金阁" domain="a594.dnn.cn" recordnum="0" />
  <item id="593" name="紫金阁" domain="a593.dnn.cn" recordnum="0" />
  <item id="592" name="紫金阁" domain="a592.dnn.cn" recordnum="0" />
  <item id="591" name="紫金阁" domain="a591.dnn.cn" recordnum="0" />
  <item id="590" name="紫金阁" domain="a590.dnn.cn" recordnum="0" />
  <item id="589" name="紫金阁" domain="a589.dnn.cn" recordnum="0" />
  <item id="588" name="紫金阁" domain="a588.dnn.cn" recordnum="0" />
  <item id="587" name="紫金阁" domain="0122.dnn.cn" recordnum="0" />
  <item id="586" name="紫金阁" domain="a586.dnn.cn" recordnum="0" />
  <item id="585" name="紫金阁" domain="shangxue.dnn.cn" recordnum="0" />
  <item id="584" name="紫金阁" domain="a584.dnn.cn" recordnum="0" />
  <item id="583" name="紫金阁" domain="a583.dnn.cn" recordnum="0" />
  <item id="582" name="紫金阁" domain="a582.dnn.cn" recordnum="0" />
  <item id="581" name="紫金阁" domain="0115.dnn.cn" recordnum="0" />
  <item id="580" name="紫金阁" domain="a580.dnn.cn" recordnum="0" />
  <item id="579" name="紫金阁" domain="a579.dnn.cn" recordnum="0" />
  <item id="578" name="紫金阁" domain="a578.dnn.cn" recordnum="0" />
  <item id="577" name="紫金阁" domain="0113.dnn.cn" recordnum="0" />
  <item id="576" name="紫金阁" domain="a576.dnn.cn" recordnum="0" />
  <item id="575" name="紫金阁" domain="a575.dnn.cn" recordnum="0" />
  <item id="574" name="紫金阁" domain="a574.dnn.cn" recordnum="0" />
  <item id="573" name="紫金阁" domain="0112.dnn.cn" recordnum="0" />
  <item id="572" name="紫金阁" domain="a572.dnn.cn" recordnum="0" />
  <item id="571" name="紫金阁" domain="a571.dnn.cn" recordnum="0" />
  <item id="570" name="紫金阁" domain="a570.dnn.cn" recordnum="0" />
  <item id="569" name="紫金阁" domain="a569.dnn.cn" recordnum="0" />
  <item id="568" name="紫金阁" domain="a568.dnn.cn" recordnum="0" />
  <item id="567" name="紫金阁" domain="a567.dnn.cn" recordnum="0" />
  <item id="566" name="紫金阁" domain="a566.dnn.cn" recordnum="0" />
  <item id="565" name="紫金阁" domain="a565.dnn.cn" recordnum="0" />
  <item id="564" name="紫金阁" domain="a564.dnn.cn" recordnum="0" />
  <item id="563" name="紫金阁" domain="a563.dnn.cn" recordnum="0" />
  <item id="562" name="紫金阁" domain="0111.dnn.cn" recordnum="0" />
  <item id="561" name="紫金阁" domain="a561.dnn.cn" recordnum="0" />
  <item id="560" name="紫金阁" domain="a560.dnn.cn" recordnum="0" />
  <item id="559" name="紫金阁" domain="a559.dnn.cn" recordnum="0" />
  <item id="558" name="紫金阁" domain="xixihaha123.dnn.cn" recordnum="0" />
  <item id="557" name="紫金阁" domain="a557.dnn.cn" recordnum="0" />
  <item id="556" name="紫金阁" domain="a556.dnn.cn" recordnum="0" />
  <item id="555" name="紫金阁" domain="wwv.dnn.cn" recordnum="0" />
  <item id="554" name="紫金阁" domain="a554.dnn.cn" recordnum="0" />
  <item id="553" name="紫金阁" domain="a553.dnn.cn" recordnum="0" />
  <item id="552" name="紫金阁" domain="a552.dnn.cn" recordnum="0" />
  <item id="551" name="紫金阁" domain="a551.dnn.cn" recordnum="0" />
  <item id="550" name="紫金阁" domain="a550.dnn.cn" recordnum="0" />
  <item id="549" name="紫金阁" domain="a549.dnn.cn" recordnum="0" />
  <item id="548" name="紫金阁" domain="a548.dnn.cn" recordnum="0" />
  <item id="547" name="紫金阁" domain="a547.dnn.cn" recordnum="0" />
  <item id="546" name="紫金阁" domain="a546.dnn.cn" recordnum="0" />
  <item id="545" name="紫金阁" domain="a545.dnn.cn" recordnum="0" />
  <item id="544" name="紫金阁" domain="kb.dnn.cn" recordnum="0" />
  <item id="543" name="紫金阁" domain="lili.dnn.cn" recordnum="0" />
  <item id="542" name="紫金阁" domain="81u.dnn.cn" recordnum="0" />
  <item id="541" name="紫金阁" domain="a541.dnn.cn" recordnum="0" />
  <item id="540" name="紫金阁" domain="a540.dnn.cn" recordnum="0" />
  <item id="539" name="紫金阁" domain="a539.dnn.cn" recordnum="0" />
  <item id="538" name="紫金阁" domain="buyu.dnn.cn" recordnum="0" />
  <item id="537" name="紫金阁" domain="a537.dnn.cn" recordnum="0" />
  <item id="536" name="紫金阁" domain="04lm.dnn.cn" recordnum="0" />
  <item id="535" name="紫金阁" domain="a535.dnn.cn" recordnum="0" />
  <item id="534" name="紫金阁" domain="11.dnn.cn" recordnum="0" />
  <item id="533" name="紫金阁" domain="a533.dnn.cn" recordnum="0" />
  <item id="532" name="紫金阁" domain="0110.dnn.cn" recordnum="0" />
  <item id="531" name="紫金阁" domain="cai899.dnn.cn" recordnum="0" />
  <item id="530" name="紫金阁" domain="a530.dnn.cn" recordnum="0" />
  <item id="529" name="紫金阁" domain="cjtxr8.dnn.cn" recordnum="0" />
  <item id="528" name="紫金阁" domain="a528.dnn.cn" recordnum="0" />
  <item id="527" name="紫金阁" domain="a527.dnn.cn" recordnum="0" />
  <item id="526" name="紫金阁" domain="a526.dnn.cn" recordnum="0" />
  <item id="525" name="紫金阁" domain="a525.dnn.cn" recordnum="0" />
  <item id="524" name="紫金阁" domain="a524.dnn.cn" recordnum="0" />
  <item id="523" name="紫金阁" domain="a523.dnn.cn" recordnum="0" />
  <item id="522" name="紫金阁" domain="a522.dnn.cn" recordnum="0" />
  <item id="521" name="紫金阁" domain="a521.dnn.cn" recordnum="0" />
  <item id="520" name="紫金阁" domain="a520.dnn.cn" recordnum="0" />
  <item id="519" name="紫金阁" domain="best.dnn.cn" recordnum="0" />
  <item id="518" name="紫金阁" domain="a518.dnn.cn" recordnum="0" />
  <item id="517" name="紫金阁" domain="a517.dnn.cn" recordnum="0" />
  <item id="516" name="紫金阁" domain="a516.dnn.cn" recordnum="0" />
  <item id="515" name="紫金阁" domain="a515.dnn.cn" recordnum="0" />
  <item id="514" name="紫金阁" domain="a514.dnn.cn" recordnum="0" />
  <item id="513" name="紫金阁" domain="xjle.dnn.cn" recordnum="0" />
  <item id="512" name="紫金阁" domain="a512.dnn.cn" recordnum="0" />
  <item id="511" name="紫金阁" domain="a511.dnn.cn" recordnum="0" />
  <item id="510" name="紫金阁" domain="a510.dnn.cn" recordnum="0" />
  <item id="509" name="紫金阁" domain="a509.dnn.cn" recordnum="0" />
  <item id="508" name="紫金阁" domain="a508.dnn.cn" recordnum="0" />
  <item id="507" name="紫金阁" domain="a507.dnn.cn" recordnum="0" />
  <item id="506" name="紫金阁" domain="a506.dnn.cn" recordnum="0" />
  <item id="505" name="紫金阁" domain="a505.dnn.cn" recordnum="0" />
  <item id="504" name="紫金阁" domain="a504.dnn.cn" recordnum="0" />
  <item id="503" name="紫金阁" domain="a503.dnn.cn" recordnum="0" />
  <item id="502" name="紫金阁" domain="a502.dnn.cn" recordnum="0" />
  <item id="501" name="紫金阁" domain="a501.dnn.cn" recordnum="0" />
  <item id="500" name="紫金阁" domain="a500.dnn.cn" recordnum="0" />
  <item id="499" name="紫金阁" domain="a499.dnn.cn" recordnum="0" />
  <item id="498" name="紫金阁" domain="a498.dnn.cn" recordnum="0" />
  <item id="497" name="紫金阁" domain="a497.dnn.cn" recordnum="0" />
  <item id="496" name="紫金阁" domain="0103.dnn.cn" recordnum="0" />
  <item id="495" name="紫金阁" domain="a495.dnn.cn" recordnum="0" />
  <item id="494" name="紫金阁" domain="a494.dnn.cn" recordnum="0" />
  <item id="493" name="紫金阁" domain="a493.dnn.cn" recordnum="0" />
  <item id="492" name="紫金阁" domain="zijingeyx.dnn.cn" recordnum="0" />
  <item id="491" name="紫金阁" domain="a491.dnn.cn" recordnum="0" />
  <item id="490" name="紫金阁" domain="a490.dnn.cn" recordnum="0" />
  <item id="489" name="紫金阁" domain="a489.dnn.cn" recordnum="0" />
  <item id="488" name="紫金阁" domain="a488.dnn.cn" recordnum="0" />
  <item id="487" name="紫金阁" domain="a487.dnn.cn" recordnum="0" />
  <item id="486" name="紫金阁" domain="a486.dnn.cn" recordnum="0" />
  <item id="485" name="紫金阁" domain="a485.dnn.cn" recordnum="0" />
  <item id="484" name="紫金阁" domain="a484.dnn.cn" recordnum="0" />
  <item id="483" name="紫金阁" domain="wwwlaime.dnn.cn" recordnum="0" />
  <item id="482" name="紫金阁" domain="a482.dnn.cn" recordnum="0" />
  <item id="481" name="紫金阁" domain="a481.dnn.cn" recordnum="0" />
  <item id="480" name="紫金阁" domain="a480.dnn.cn" recordnum="0" />
  <item id="479" name="紫金阁" domain="1657429.dnn.cn" recordnum="0" />
  <item id="478" name="紫金阁" domain="a125.dnn.cn" recordnum="0" />
  <item id="477" name="紫金阁" domain="a477.dnn.cn" recordnum="0" />
  <item id="476" name="紫金阁" domain="a476.dnn.cn" recordnum="0" />
  <item id="475" name="紫金阁" domain="a475.dnn.cn" recordnum="0" />
  <item id="474" name="紫金阁" domain="ddz168.dnn.cn" recordnum="0" />
  <item id="473" name="紫金阁" domain="a473.dnn.cn" recordnum="0" />
  <item id="472" name="紫金阁" domain="a472.dnn.cn" recordnum="0" />
  <item id="471" name="紫金阁" domain="a471.dnn.cn" recordnum="0" />
  <item id="470" name="紫金阁" domain="0101.dnn.cn" recordnum="0" />
  <item id="469" name="紫金阁" domain="10000.dnn.cn" recordnum="0" />
  <item id="468" name="紫金阁" domain="0100.dnn.cn" recordnum="0" />
  <item id="467" name="紫金阁" domain="a467.dnn.cn" recordnum="0" />
  <item id="466" name="紫金阁" domain="a466.dnn.cn" recordnum="0" />
  <item id="465" name="紫金阁" domain="a465.dnn.cn" recordnum="0" />
  <item id="464" name="紫金阁" domain="a464.dnn.cn" recordnum="0" />
  <item id="463" name="紫金阁" domain="zjg888.dnn.cn" recordnum="0" />
  <item id="462" name="紫金阁" domain="a462.dnn.cn" recordnum="0" />
  <item id="461" name="紫金阁" domain="a461.dnn.cn" recordnum="0" />
  <item id="460" name="紫金阁" domain="0092.dnn.cn" recordnum="0" />
  <item id="459" name="紫金阁" domain="a459.dnn.cn" recordnum="0" />
  <item id="458" name="紫金阁" domain="a458.dnn.cn" recordnum="0" />
  <item id="457" name="紫金阁" domain="457.dnn.cn" recordnum="0" />
  <item id="456" name="紫金阁" domain="hao.dnn.cn" recordnum="0" />
  <item id="455" name="紫金阁" domain="a455.dnn.cn" recordnum="0" />
  <item id="454" name="紫金阁" domain="wangzhuan.dnn.cn" recordnum="0" />
  <item id="453" name="紫金阁" domain="a453.dnn.cn" recordnum="0" />
  <item id="452" name="紫金阁" domain="0098.dnn.cn" recordnum="0" />
  <item id="451" name="紫金阁" domain="a451.dnn.cn" recordnum="0" />
  <item id="450" name="紫金阁" domain="a450.dnn.cn" recordnum="0" />
  <item id="449" name="紫金阁" domain="a449.dnn.cn" recordnum="0" />
  <item id="448" name="紫金阁" domain="a448.dnn.cn" recordnum="0" />
  <item id="447" name="紫金阁" domain="a447.dnn.cn" recordnum="0" />
  <item id="446" name="紫金阁" domain="a446.dnn.cn" recordnum="0" />
  <item id="445" name="紫金阁" domain="a445.dnn.cn" recordnum="0" />
  <item id="444" name="紫金阁" domain="a444.dnn.cn" recordnum="0" />
  <item id="443" name="紫金阁" domain="a443.dnn.cn" recordnum="0" />
  <item id="442" name="紫金阁" domain="a442.dnn.cn" recordnum="0" />
  <item id="441" name="紫金阁" domain="a441.dnn.cn" recordnum="0" />
  <item id="440" name="紫金阁" domain="a440.dnn.cn" recordnum="0" />
  <item id="439" name="紫金阁" domain="a439.dnn.cn" recordnum="0" />
  <item id="438" name="紫金阁" domain="a438.dnn.cn" recordnum="0" />
  <item id="437" name="紫金阁" domain="a437.dnn.cn" recordnum="0" />
  <item id="436" name="紫金阁" domain="a436.dnn.cn" recordnum="0" />
  <item id="435" name="紫金阁" domain="a435.dnn.cn" recordnum="0" />
  <item id="434" name="紫金阁" domain="a434.dnn.cn" recordnum="0" />
  <item id="433" name="紫金阁" domain="a433.dnn.cn" recordnum="0" />
  <item id="432" name="紫金阁" domain="a432.dnn.cn" recordnum="0" />
  <item id="431" name="紫金阁" domain="a431.dnn.cn" recordnum="0" />
  <item id="430" name="紫金阁" domain="wwww.dnn.cn" recordnum="0" />
  <item id="429" name="紫金阁" domain="a429.dnn.cn" recordnum="0" />
  <item id="428" name="紫金阁" domain="a428.dnn.cn" recordnum="0" />
  <item id="427" name="紫金阁" domain="a427.dnn.cn" recordnum="0" />
  <item id="426" name="紫金阁" domain="www0919.dnn.cn" recordnum="0" />
  <item id="425" name="紫金阁" domain="a425.dnn.cn" recordnum="0" />
  <item id="424" name="紫金阁" domain="a424.dnn.cn" recordnum="0" />
  <item id="423" name="紫金阁" domain="a423.dnn.cn" recordnum="0" />
  <item id="422" name="紫金阁" domain="a422.dnn.cn" recordnum="0" />
  <item id="421" name="紫金阁" domain="a421.dnn.cn" recordnum="0" />
  <item id="420" name="紫金阁" domain="a420.dnn.cn" recordnum="0" />
  <item id="419" name="紫金阁" domain="duowan.dnn.cn" recordnum="0" />
  <item id="418" name="紫金阁" domain="a418.dnn.cn" recordnum="0" />
  <item id="417" name="紫金阁" domain="a417.dnn.cn" recordnum="0" />
  <item id="416" name="紫金阁" domain="a416.dnn.cn" recordnum="0" />
  <item id="415" name="紫金阁" domain="a415.dnn.cn" recordnum="0" />
  <item id="414" name="紫金阁" domain="a414.dnn.cn" recordnum="0" />
  <item id="413" name="紫金阁" domain="zjg.dnn.cn" recordnum="0" />
  <item id="412" name="紫金阁" domain="a412.dnn.cn" recordnum="0" />
  <item id="411" name="紫金阁" domain="a411.dnn.cn" recordnum="0" />
  <item id="410" name="紫金阁" domain="a410.dnn.cn" recordnum="0" />
  <item id="409" name="紫金阁" domain="a409.dnn.cn" recordnum="0" />
  <item id="408" name="紫金阁" domain="a408.dnn.cn" recordnum="0" />
  <item id="407" name="紫金阁" domain="a407.dnn.cn" recordnum="0" />
  <item id="406" name="紫金阁" domain="a406.dnn.cn" recordnum="0" />
  <item id="405" name="紫金阁" domain="a405.dnn.cn" recordnum="0" />
  <item id="404" name="紫金阁" domain="a404.dnn.cn" recordnum="0" />
  <item id="403" name="紫金阁" domain="a403.dnn.cn" recordnum="0" />
  <item id="402" name="紫金阁" domain="a402.dnn.cn" recordnum="0" />
  <item id="401" name="紫金阁" domain="a401.dnn.cn" recordnum="0" />
  <item id="400" name="紫金阁" domain="a400.dnn.cn" recordnum="0" />
  <item id="399" name="紫金阁" domain="a399.dnn.cn" recordnum="0" />
  <item id="398" name="紫金阁" domain="a398.dnn.cn" recordnum="0" />
  <item id="397" name="紫金阁" domain="a397.dnn.cn" recordnum="0" />
  <item id="396" name="紫金阁" domain="a396.dnn.cn" recordnum="0" />
  <item id="395" name="紫金阁" domain="a395.dnn.cn" recordnum="0" />
  <item id="394" name="紫金阁" domain="a394.dnn.cn" recordnum="0" />
  <item id="393" name="紫金阁" domain="a393.dnn.cn" recordnum="0" />
  <item id="392" name="紫金阁" domain="a392.dnn.cn" recordnum="0" />
  <item id="391" name="紫金阁" domain="5188.dnn.cn" recordnum="0" />
  <item id="390" name="紫金阁" domain="a390.dnn.cn" recordnum="0" />
  <item id="389" name="紫金阁" domain="a389.dnn.cn" recordnum="0" />
  <item id="388" name="紫金阁" domain="a388.dnn.cn" recordnum="0" />
  <item id="387" name="紫金阁" domain="a387.dnn.cn" recordnum="0" />
  <item id="386" name="紫金阁" domain="a386.dnn.cn" recordnum="0" />
  <item id="385" name="紫金阁" domain="a385.dnn.cn" recordnum="0" />
  <item id="384" name="紫金阁" domain="a384.dnn.cn" recordnum="0" />
  <item id="383" name="紫金阁" domain="a383.dnn.cn" recordnum="0" />
  <item id="382" name="紫金阁" domain="123456.dnn.cn" recordnum="0" />
  <item id="381" name="紫金阁" domain="400.dnn.cn" recordnum="0" />
  <item id="380" name="紫金阁" domain="ahhb.dnn.cn" recordnum="0" />
  <item id="379" name="紫金阁" domain="a379.dnn.cn" recordnum="0" />
  <item id="378" name="紫金阁" domain="a378.dnn.cn" recordnum="0" />
  <item id="377" name="紫金阁" domain="a377.dnn.cn" recordnum="0" />
  <item id="376" name="紫金阁" domain="a376.dnn.cn" recordnum="0" />
  <item id="375" name="紫金阁" domain="a375.dnn.cn" recordnum="0" />
  <item id="374" name="紫金阁" domain="a374.dnn.cn" recordnum="0" />
  <item id="373" name="紫金阁" domain="nb1688.dnn.cn" recordnum="0" />
  <item id="372" name="紫金阁" domain="www.dnn.cn" recordnum="0" />
  <item id="371" name="紫金阁" domain="a371.dnn.cn" recordnum="0" />
  <item id="370" name="紫金阁" domain="a370.dnn.cn" recordnum="0" />
  <item id="369" name="紫金阁" domain="a369.dnn.cn" recordnum="0" />
  <item id="368" name="紫金阁" domain="8591.dnn.cn" recordnum="0" />
  <item id="367" name="紫金阁" domain="63344.dnn.cn" recordnum="0" />
  <item id="366" name="紫金阁" domain="a366.dnn.cn" recordnum="0" />
  <item id="365" name="紫金阁" domain="a365.dnn.cn" recordnum="0" />
  <item id="364" name="紫金阁" domain="a364.dnn.cn" recordnum="0" />
  <item id="363" name="紫金阁" domain="a363.dnn.cn" recordnum="0" />
  <item id="362" name="紫金阁" domain="0085.dnn.cn" recordnum="0" />
  <item id="361" name="紫金阁" domain="a361.dnn.cn" recordnum="0" />
  <item id="360" name="紫金阁" domain="a360.dnn.cn" recordnum="0" />
  <item id="359" name="紫金阁" domain="a359.dnn.cn" recordnum="0" />
  <item id="358" name="紫金阁" domain="a358.dnn.cn" recordnum="0" />
  <item id="357" name="紫金阁" domain="a357.dnn.cn" recordnum="0" />
  <item id="356" name="紫金阁" domain="a356.dnn.cn" recordnum="0" />
  <item id="355" name="紫金阁" domain="a355.dnn.cn" recordnum="0" />
  <item id="354" name="紫金阁" domain="win.dnn.cn" recordnum="0" />
  <item id="353" name="紫金阁" domain="a353.dnn.cn" recordnum="0" />
  <item id="352" name="紫金阁" domain="a352.dnn.cn" recordnum="0" />
  <item id="351" name="紫金阁" domain="a351.dnn.cn" recordnum="0" />
  <item id="350" name="紫金阁" domain="a350.dnn.cn" recordnum="0" />
  <item id="349" name="紫金阁" domain="516.dnn.cn" recordnum="0" />
  <item id="348" name="紫金阁" domain="a348.dnn.cn" recordnum="0" />
  <item id="347" name="紫金阁" domain="nanbu.dnn.cn" recordnum="0" />
  <item id="346" name="紫金阁" domain="a346.dnn.cn" recordnum="0" />
  <item id="345" name="紫金阁" domain="a345.dnn.cn" recordnum="0" />
  <item id="344" name="紫金阁" domain="aaa.dnn.cn" recordnum="0" />
  <item id="343" name="紫金阁" domain="a343.dnn.cn" recordnum="0" />
  <item id="342" name="紫金阁" domain="a342.dnn.cn" recordnum="0" />
  <item id="341" name="紫金阁" domain="a341.dnn.cn" recordnum="0" />
  <item id="340" name="紫金阁" domain="a340.dnn.cn" recordnum="0" />
  <item id="339" name="紫金阁" domain="a339.dnn.cn" recordnum="0" />
  <item id="338" name="紫金阁" domain="a338.dnn.cn" recordnum="0" />
  <item id="337" name="紫金阁" domain="a337.dnn.cn" recordnum="0" />
  <item id="336" name="紫金阁" domain="a336.dnn.cn" recordnum="0" />
  <item id="335" name="紫金阁" domain="0082.dnn.cn" recordnum="0" />
  <item id="334" name="紫金阁" domain="0081.dnn.cn" recordnum="0" />
  <item id="333" name="紫金阁" domain="lth123.dnn.cn" recordnum="0" />
  <item id="332" name="紫金阁" domain="a332.dnn.cn" recordnum="0" />
  <item id="331" name="紫金阁" domain="a331.dnn.cn" recordnum="0" />
  <item id="330" name="紫金阁" domain="a330.dnn.cn" recordnum="0" />
  <item id="329" name="紫金阁" domain="a329.dnn.cn" recordnum="0" />
  <item id="328" name="紫金阁" domain="a328.dnn.cn" recordnum="0" />
  <item id="327" name="紫金阁" domain="a327.dnn.cn" recordnum="0" />
  <item id="326" name="紫金阁" domain="a326.dnn.cn" recordnum="0" />
  <item id="325" name="紫金阁" domain="a325.dnn.cn" recordnum="0" />
  <item id="324" name="紫金阁" domain="668.dnn.cn" recordnum="0" />
  <item id="323" name="紫金阁" domain="yaner.dnn.cn" recordnum="0" />
  <item id="322" name="紫金阁" domain="wuliuyang1233.dnn.cn" recordnum="0" />
  <item id="321" name="紫金阁" domain="564398656.dnn.cn" recordnum="0" />
  <item id="320" name="紫金阁" domain="wuliuyang12.dnn.cn" recordnum="0" />
  <item id="319" name="紫金阁" domain="yanger12.dnn.cn" recordnum="0" />
  <item id="318" name="紫金阁" domain="a318.dnn.cn" recordnum="0" />
  <item id="317" name="紫金阁" domain="a317.dnn.cn" recordnum="0" />
  <item id="316" name="紫金阁" domain="a316.dnn.cn" recordnum="0" />
  <item id="315" name="紫金阁" domain="a315.dnn.cn" recordnum="0" />
  <item id="314" name="紫金阁" domain="a314.dnn.cn" recordnum="0" />
  <item id="313" name="紫金阁" domain="a313.dnn.cn" recordnum="0" />
  <item id="312" name="紫金阁" domain="669.dnn.cn" recordnum="0" />
  <item id="311" name="紫金阁" domain="a311.dnn.cn" recordnum="0" />
  <item id="310" name="紫金阁" domain="a310.dnn.cn" recordnum="0" />
  <item id="309" name="紫金阁" domain="a309.dnn.cn" recordnum="0" />
  <item id="308" name="紫金阁" domain="a308.dnn.cn" recordnum="0" />
  <item id="307" name="紫金阁" domain="a307.dnn.cn" recordnum="0" />
  <item id="306" name="紫金阁" domain="a306.dnn.cn" recordnum="0" />
  <item id="305" name="紫金阁" domain="a305.dnn.cn" recordnum="0" />
  <item id="304" name="紫金阁" domain="a304.dnn.cn" recordnum="0" />
  <item id="303" name="紫金阁" domain="a303.dnn.cn" recordnum="0" />
  <item id="302" name="紫金阁" domain="a302.dnn.cn" recordnum="0" />
  <item id="301" name="紫金阁" domain="a301.dnn.cn" recordnum="0" />
  <item id="300" name="紫金阁" domain="a300.dnn.cn" recordnum="0" />
  <item id="299" name="紫金阁" domain="a299.dnn.cn" recordnum="0" />
  <item id="298" name="紫金阁" domain="a298.dnn.cn" recordnum="0" />
  <item id="297" name="紫金阁" domain="a297.dnn.cn" recordnum="0" />
  <item id="296" name="紫金阁" domain="a296.dnn.cn" recordnum="0" />
  <item id="295" name="紫金阁" domain="a295.dnn.cn" recordnum="0" />
  <item id="294" name="紫金阁" domain="a294.dnn.cn" recordnum="0" />
  <item id="293" name="紫金阁" domain="a293.dnn.cn" recordnum="0" />
  <item id="292" name="紫金阁" domain="qpyouxi.dnn.cn" recordnum="0" />
  <item id="291" name="紫金阁" domain="a291.dnn.cn" recordnum="0" />
  <item id="290" name="紫金阁" domain="pds.dnn.cn" recordnum="0" />
  <item id="289" name="紫金阁" domain="a289.dnn.cn" recordnum="0" />
  <item id="288" name="紫金阁" domain="a288.dnn.cn" recordnum="0" />
  <item id="287" name="紫金阁" domain="a287.dnn.cn" recordnum="0" />
  <item id="286" name="紫金阁" domain="16866.dnn.cn" recordnum="0" />
  <item id="285" name="紫金阁" domain="0074.dnn.cn" recordnum="0" />
  <item id="284" name="紫金阁" domain="a284.dnn.cn" recordnum="0" />
  <item id="283" name="紫金阁" domain="hujiao1366953060.dnn.cn" recordnum="0" />
  <item id="282" name="紫金阁" domain="1231234.dnn.cn" recordnum="0" />
  <item id="281" name="紫金阁" domain="123123.dnn.cn" recordnum="0" />
  <item id="280" name="紫金阁" domain="a280.dnn.cn" recordnum="0" />
  <item id="279" name="紫金阁" domain="aiwan.dnn.cn" recordnum="0" />
  <item id="278" name="紫金阁" domain="a278.dnn.cn" recordnum="0" />
  <item id="277" name="紫金阁" domain="a277.dnn.cn" recordnum="0" />
  <item id="276" name="紫金阁" domain="a276.dnn.cn" recordnum="0" />
  <item id="275" name="紫金阁" domain="a275.dnn.cn" recordnum="0" />
  <item id="274" name="紫金阁" domain="0078.dnn.cn" recordnum="0" />
  <item id="273" name="紫金阁" domain="0075.dnn.cn" recordnum="0" />
  <item id="272" name="紫金阁" domain="a272.dnn.cn" recordnum="0" />
  <item id="271" name="紫金阁" domain="a271.dnn.cn" recordnum="0" />
  <item id="270" name="紫金阁" domain="6688.dnn.cn" recordnum="0" />
  <item id="269" name="紫金阁" domain="a269.dnn.cn" recordnum="0" />
  <item id="268" name="紫金阁" domain="a268.dnn.cn" recordnum="0" />
  <item id="267" name="紫金阁" domain="a267.dnn.cn" recordnum="0" />
  <item id="266" name="紫金阁" domain="a266.dnn.cn" recordnum="0" />
  <item id="265" name="紫金阁" domain="0073.dnn.cn" recordnum="0" />
  <item id="264" name="紫金阁" domain="0071.dnn.cn" recordnum="0" />
  <item id="263" name="紫金阁" domain="xiaoyi.dnn.cn" recordnum="0" />
  <item id="262" name="紫金阁" domain="5000615.dnn.cn" recordnum="0" />
  <item id="261" name="紫金阁" domain="qq995378691.dnn.cn" recordnum="0" />
  <item id="260" name="紫金阁" domain="a260.dnn.cn" recordnum="0" />
  <item id="259" name="紫金阁" domain="a259.dnn.cn" recordnum="0" />
  <item id="258" name="紫金阁" domain="a258.dnn.cn" recordnum="0" />
  <item id="257" name="紫金阁" domain="0070.dnn.cn" recordnum="0" />
  <item id="256" name="紫金阁" domain="0069.dnn.cn" recordnum="0" />
  <item id="255" name="紫金阁" domain="5443.dnn.cn" recordnum="0" />
  <item id="254" name="紫金阁" domain="0067.dnn.cn" recordnum="0" />
  <item id="253" name="紫金阁" domain="0065.dnn.cn" recordnum="0" />
  <item id="252" name="紫金阁" domain="0063.dnn.cn" recordnum="0" />
  <item id="251" name="紫金阁" domain="0061.dnn.cn" recordnum="0" />
  <item id="250" name="紫金阁" domain="0060.dnn.cn" recordnum="0" />
  <item id="249" name="紫金阁" domain="0058.dnn.cn" recordnum="0" />
  <item id="248" name="紫金阁" domain="0057.dnn.cn" recordnum="0" />
  <item id="247" name="紫金阁" domain="0056.dnn.cn" recordnum="0" />
  <item id="246" name="紫金阁" domain="0053.dnn.cn" recordnum="0" />
  <item id="245" name="紫金阁" domain="0052.dnn.cn" recordnum="0" />
  <item id="244" name="紫金阁" domain="0051.dnn.cn" recordnum="0" />
  <item id="243" name="紫金阁" domain="0055.dnn.cn" recordnum="0" />
  <item id="242" name="紫金阁" domain="aaas.dnn.cn" recordnum="0" />
  <item id="241" name="紫金阁" domain="0046.dnn.cn" recordnum="0" />
  <item id="240" name="紫金阁" domain="xxx.dnn.cn" recordnum="0" />
  <item id="239" name="紫金阁" domain="0045.dnn.cn" recordnum="0" />
  <item id="238" name="紫金阁" domain="28niuniu.dnn.cn" recordnum="0" />
  <item id="237" name="紫金阁" domain="0042.dnn.cn" recordnum="0" />
  <item id="236" name="紫金阁" domain="0041.dnn.cn" recordnum="0" />
  <item id="235" name="紫金阁" domain="5888.dnn.cn" recordnum="0" />
  <item id="234" name="紫金阁" domain="0039.dnn.cn" recordnum="0" />
  <item id="233" name="紫金阁" domain="0666.dnn.cn" recordnum="0" />
  <item id="232" name="紫金阁" domain="0036.dnn.cn" recordnum="0" />
  <item id="231" name="紫金阁" domain="0035.dnn.cn" recordnum="0" />
  <item id="230" name="紫金阁" domain="0033.dnn.cn" recordnum="0" />
  <item id="229" name="紫金阁" domain="0031.dnn.cn" recordnum="0" />
  <item id="228" name="紫金阁" domain="68zhuan.dnn.cn" recordnum="0" />
  <item id="227" name="紫金阁" domain="ylz.dnn.cn" recordnum="0" />
  <item id="226" name="紫金阁" domain="88888.dnn.cn" recordnum="0" />
  <item id="225" name="紫金阁" domain="6666.dnn.cn" recordnum="0" />
  <item id="224" name="紫金阁" domain="0030.dnn.cn" recordnum="0" />
  <item id="223" name="紫金阁" domain="yqwz.dnn.cn" recordnum="0" />
  <item id="222" name="紫金阁" domain="lfyx.dnn.cn" recordnum="0" />
  <item id="221" name="紫金阁" domain="xhxh.dnn.cn" recordnum="0" />
  <item id="220" name="紫金阁" domain="8888.dnn.cn" recordnum="0" />
  <item id="219" name="紫金阁" domain="0026.dnn.cn" recordnum="0" />
  <item id="218" name="紫金阁" domain="hongke.dnn.cn" recordnum="0" />
  <item id="217" name="紫金阁" domain="0066.dnn.cn" recordnum="0" />
  <item id="216" name="紫金阁" domain="786610547.dnn.cn" recordnum="0" />
  <item id="215" name="紫金阁" domain="dajiashuo.dnn.cn" recordnum="0" />
  <item id="214" name="紫金阁" domain="0088.dnn.cn" recordnum="0" />
  <item id="213" name="紫金阁" domain="0025.dnn.cn" recordnum="0" />
  <item id="212" name="紫金阁" domain="903158549.dnn.cn" recordnum="0" />
  <item id="211" name="紫金阁" domain="ttyx.dnn.cn" recordnum="0" />
  <item id="210" name="紫金阁" domain="0028.dnn.cn" recordnum="0" />
  <item id="209" name="紫金阁" domain="0023.dnn.cn" recordnum="0" />
  <item id="208" name="紫金阁" domain="555.dnn.cn" recordnum="0" />
  <item id="207" name="紫金阁" domain="00222.dnn.cn" recordnum="0" />
  <item id="206" name="紫金阁" domain="zhaoqing.dnn.cn" recordnum="0" />
  <item id="205" name="紫金阁" domain="00221.dnn.cn" recordnum="0" />
  <item id="204" name="紫金阁" domain="0022.dnn.cn" recordnum="0" />
  <item id="203" name="紫金阁" domain="0021.dnn.cn" recordnum="0" />
  <item id="202" name="紫金阁" domain="0020.dnn.cn" recordnum="0" />
  <item id="201" name="紫金阁" domain="0019.dnn.cn" recordnum="0" />
  <item id="200" name="紫金阁" domain="zhibojian.dnn.cn" recordnum="0" />
  <item id="199" name="紫金阁" domain="diaochawang.dnn.cn" recordnum="0" />
  <item id="198" name="紫金阁" domain="0016.dnn.cn" recordnum="0" />
  <item id="197" name="紫金阁" domain="0018.dnn.cn" recordnum="0" />
  <item id="196" name="紫金阁" domain="chongqing.dnn.cn" recordnum="0" />
  <item id="195" name="紫金阁" domain="yangxuejin.dnn.cn" recordnum="0" />
  <item id="194" name="紫金阁" domain="0014.dnn.cn" recordnum="0" />
  <item id="193" name="紫金阁" domain="0013.dnn.cn" recordnum="0" />
  <item id="192" name="紫金阁" domain="zhaofei.dnn.cn" recordnum="0" />
  <item id="191" name="紫金阁" domain="331.dnn.cn" recordnum="0" />
  <item id="190" name="紫金阁" domain="140108cpa.dnn.cn" recordnum="0" />
  <item id="189" name="紫金阁" domain="zjgcpa.dnn.cn" recordnum="0" />
  <item id="188" name="紫金阁" domain="wzjz8.dnn.cn" recordnum="0" />
  <item id="187" name="紫金阁" domain="youlez.dnn.cn" recordnum="0" />
  <item id="186" name="紫金阁" domain="588.dnn.cn" recordnum="0" />
  <item id="185" name="紫金阁" domain="lbjtest22.dnn.cn" recordnum="0" />
  <item id="184" name="紫金阁" domain="testtest.dnn.cn" recordnum="0" />
  <item id="183" name="紫金阁" domain="123.dnn.cn" recordnum="0" />
  <item id="182" name="紫金阁" domain="027.dnn.cn" recordnum="0" />
  <item id="181" name="紫金阁" domain="028.dnn.cn" recordnum="0" />
  <item id="180" name="紫金阁" domain="9188.dnn.cn" recordnum="0" />
  <item id="179" name="紫金阁" domain="kuaicheshou.dnn.cn" recordnum="0" />
  <item id="178" name="紫金阁" domain="feifeike.dnn.cn" recordnum="0" />
  <item id="177" name="紫金阁" domain="518.dnn.cn" recordnum="0" />
  <item id="176" name="紫金阁" domain="5151so.dnn.cn" recordnum="0" />
  <item id="175" name="紫金阁" domain="ssss.dnn.cn" recordnum="0" />
  <item id="174" name="紫金阁" domain="168.dnn.cn" recordnum="0" />
  <item id="173" name="紫金阁" domain="ww.dnn.cn" recordnum="0" />
  <item id="172" name="紫金阁" domain="9999.dnn.cn" recordnum="0" />
  <item id="171" name="紫金阁" domain="test1.dnn.cn" recordnum="0" />
  <item id="170" name="紫金阁" domain="js8888.dnn.cn" recordnum="0" />
  <item id="169" name="紫金阁" domain="js7777.dnn.cn" recordnum="0" />
  <item id="168" name="紫金阁" domain="js6666.dnn.cn" recordnum="0" />
  <item id="167" name="紫金阁" domain="js5555.dnn.cn" recordnum="0" />
  <item id="166" name="紫金阁" domain="js4444.dnn.cn" recordnum="0" />
  <item id="165" name="紫金阁" domain="js3333.dnn.cn" recordnum="0" />
  <item id="164" name="紫金阁" domain="js2222.dnn.cn" recordnum="0" />
  <item id="163" name="紫金阁" domain="js1111.dnn.cn" recordnum="0" />
  <item id="162" name="紫金阁" domain="js0000.dnn.cn" recordnum="0" />
  <item id="156" name="紫金阁" domain="vip.dnn.cn" recordnum="0" />
  <item id="155" name="紫金阁" domain="777.dnn.cn" recordnum="0" />
  <item id="154" name="紫金阁" domain="456.dnn.cn" recordnum="0" />
  <item id="153" name="紫金阁" domain="feinu.dnn.cn" recordnum="0" />
  <item id="152" name="紫金阁" domain="dq.dnn.cn" recordnum="0" />
  <item id="151" name="紫金阁" domain="kunbang.dnn.cn" recordnum="0" />
  <item id="150" name="紫金阁" domain="wan.dnn.cn" recordnum="0" />
  <item id="149" name="紫金阁" domain="game.dnn.cn" recordnum="0" />
  <item id="148" name="紫金阁" domain="web40.dnn.cn" recordnum="0" />
  <item id="147" name="紫金阁" domain="web39.dnn.cn" recordnum="0" />
  <item id="146" name="紫金阁" domain="web38.dnn.cn" recordnum="0" />
  <item id="145" name="紫金阁" domain="web37.dnn.cn" recordnum="0" />
  <item id="144" name="紫金阁" domain="web36.dnn.cn" recordnum="0" />
  <item id="143" name="紫金阁" domain="web35.dnn.cn" recordnum="0" />
  <item id="142" name="紫金阁" domain="web34.dnn.cn" recordnum="0" />
  <item id="141" name="紫金阁" domain="web33.dnn.cn" recordnum="0" />
  <item id="140" name="紫金阁" domain="web32.dnn.cn" recordnum="0" />
  <item id="139" name="紫金阁" domain="web31.dnn.cn" recordnum="0" />
  <item id="138" name="紫金阁" domain="web30.dnn.cn" recordnum="0" />
  <item id="137" name="紫金阁" domain="web29.dnn.cn" recordnum="0" />
  <item id="136" name="紫金阁" domain="web28.dnn.cn" recordnum="0" />
  <item id="135" name="紫金阁" domain="web27.dnn.cn" recordnum="0" />
  <item id="134" name="紫金阁" domain="web26.dnn.cn" recordnum="0" />
  <item id="133" name="紫金阁" domain="web25.dnn.cn" recordnum="0" />
  <item id="132" name="紫金阁" domain="web24.dnn.cn" recordnum="0" />
  <item id="131" name="紫金阁" domain="web23.dnn.cn" recordnum="0" />
  <item id="130" name="紫金阁" domain="web22.dnn.cn" recordnum="0" />
  <item id="129" name="紫金阁" domain="web21.dnn.cn" recordnum="0" />
  <item id="128" name="紫金阁" domain="web20.dnn.cn" recordnum="0" />
  <item id="127" name="紫金阁" domain="web19.dnn.cn" recordnum="0" />
  <item id="126" name="紫金阁" domain="web18.dnn.cn" recordnum="0" />
  <item id="125" name="紫金阁" domain="web17.dnn.cn" recordnum="0" />
  <item id="124" name="紫金阁" domain="web16.dnn.cn" recordnum="0" />
  <item id="123" name="紫金阁" domain="web15.dnn.cn" recordnum="0" />
  <item id="122" name="紫金阁" domain="web14.dnn.cn" recordnum="0" />
  <item id="121" name="紫金阁" domain="web13.dnn.cn" recordnum="0" />
  <item id="120" name="紫金阁" domain="web12.dnn.cn" recordnum="0" />
  <item id="108" name="紫金阁" domain="web.dnn.cn" recordnum="0" />
  <item id="107" name="紫金阁" domain="99.dnn.cn" recordnum="0" />
  <item id="106" name="紫金阁" domain="hr.dnn.cn" recordnum="0" />
  <item id="105" name="紫金阁" domain="yc.dnn.cn" recordnum="0" />
  <item id="104" name="紫金阁" domain="hj.dnn.cn" recordnum="0" />
  <item id="103" name="紫金阁" domain="rz.dnn.cn" recordnum="0" />
  <item id="102" name="紫金阁" domain="by.dnn.cn" recordnum="0" />
  <item id="101" name="紫金阁" domain="lb.dnn.cn" recordnum="0" />
  <item id="100" name="紫金阁" domain="qq.dnn.cn" recordnum="0" />
  <item id="99" name="紫金阁" domain="sgddz.dnn.cn" recordnum="0" />
  <item id="98" name="紫金阁" domain="360ddz.dnn.cn" recordnum="0" />
  <item id="97" name="紫金阁" domain="baiduddz.dnn.cn" recordnum="0" />
  <item id="96" name="紫金阁" domain="test01.dnn.cn" recordnum="0" />
  <item id="95" name="紫金阁" domain="wm.dnn.cn" recordnum="0" />
  <item id="94" name="紫金阁" domain="onegreen.dnn.cn" recordnum="0" />
  <item id="93" name="紫金阁" domain="zhonghao.dnn.cn" recordnum="0" />
  <item id="92" name="紫金阁" domain="ssby.dnn.cn" recordnum="0" />
  <item id="91" name="紫金阁" domain="sgby.dnn.cn" recordnum="0" />
  <item id="90" name="紫金阁" domain="360by.dnn.cn" recordnum="0" />
  <item id="89" name="紫金阁" domain="bdby.dnn.cn" recordnum="0" />
  <item id="88" name="紫金阁" domain="sousuo.dnn.cn" recordnum="0" />
  <item id="87" name="紫金阁" domain="999.dnn.cn" recordnum="0" />
  <item id="86" name="紫金阁" domain="tjbj.dnn.cn" recordnum="0" />
  <item id="85" name="紫金阁" domain="lwf.dnn.cn" recordnum="0" />
  <item id="84" name="紫金阁" domain="youxi.dnn.cn" recordnum="0" />
  <item id="83" name="紫金阁" domain="qipai.dnn.cn" recordnum="0" />
  <item id="82" name="紫金阁" domain="222.dnn.cn" recordnum="0" />
  <item id="81" name="紫金阁" domain="lbjtest2.dnn.cn" recordnum="0" />
  <item id="80" name="紫金阁" domain="unikuaai.dnn.cn" recordnum="0" />
  <item id="79" name="紫金阁" domain="signup.dnn.cn" recordnum="0" />
  <item id="78" name="紫金阁" domain="010.dnn.cn" recordnum="0" />
  <item id="77" name="紫金阁" domain="009.dnn.cn" recordnum="0" />
  <item id="76" name="紫金阁" domain="008.dnn.cn" recordnum="0" />
  <item id="75" name="紫金阁" domain="007.dnn.cn" recordnum="0" />
  <item id="74" name="紫金阁" domain="006.dnn.cn" recordnum="0" />
  <item id="73" name="紫金阁" domain="005.dnn.cn" recordnum="0" />
  <item id="72" name="紫金阁" domain="004.dnn.cn" recordnum="0" />
  <item id="71" name="紫金阁" domain="003.dnn.cn" recordnum="0" />
  <item id="70" name="紫金阁" domain="002.dnn.cn" recordnum="0" />
  <item id="69" name="紫金阁" domain="001.dnn.cn" recordnum="0" />
  <item id="68" name="紫金阁" domain="taozi.dnn.cn" recordnum="0" />
  <item id="67" name="紫金阁" domain="666.dnn.cn" recordnum="0" />
  <item id="66" name="紫金阁" domain="lbjtest1.dnn.cn" recordnum="0" />
  <item id="65" name="紫金阁" domain="lbjtest.dnn.cn" recordnum="0" />
  <item id="64" name="紫金阁" domain="wanyawan.dnn.cn" recordnum="0" />
  <item id="63" name="紫金阁" domain="rwd.dnn.cn" recordnum="0" />
  <item id="62" name="紫金阁" domain="yangcong.dnn.cn" recordnum="0" />
  <item id="61" name="紫金阁" domain="hb.dnn.cn" recordnum="0" />
  <item id="60" name="紫金阁" domain="kuaiba.dnn.cn" recordnum="0" />
  <item id="59" name="紫金阁" domain="51taonan.dnn.cn" recordnum="0" />
  <item id="58" name="紫金阁" domain="027258.dnn.cn" recordnum="0" />
  <item id="57" name="紫金阁" domain="xy669.dnn.cn" recordnum="0" />
  <item id="56" name="紫金阁" domain="kuaiwan.dnn.cn" recordnum="0" />
  <item id="55" name="紫金阁" domain="qp.dnn.cn" recordnum="0" />
  <item id="54" name="紫金阁" domain="zhuce2.dnn.cn" recordnum="0" />
  <item id="53" name="紫金阁" domain="666666.dnn.cn" recordnum="0" />
  <item id="52" name="紫金阁" domain="test.dnn.cn" recordnum="0" />
  <item id="51" name="紫金阁" domain="88.dnn.cn" recordnum="0" />
  <item id="50" name="紫金阁" domain="wy.dnn.cn" recordnum="0" />
  <item id="49" name="紫金阁" domain="888.dnn.cn" recordnum="0" />
  <item id="48" name="长沙紫金阁" domain="test.dnn.cn" recordnum="0" />
</bcaster>