﻿<?xml version="1.0" encoding="utf-8"?>
<GameClientConfig xmlns:xsi="http://www.w3.org/2001/XMLSchema-instance" xmlns:xsd="http://www.w3.org/2001/XMLSchema">
 <UpdateDate></UpdateDate>
  <GameVersion>1.0</GameVersion>
  <FileSize>22796</FileSize>
  <AppSystem>XP WIN7</AppSystem>
  <DownloadUrl1>http://192.168.0.126:1259/download/fgly_OnlineSetup.exe</DownloadUrl1>
  <DownloadUrl2>http://192.168.0.126:1259/download/fgly1.0_setup.exe</DownloadUrl2>
  <Picture>/images/web/xiao_game_tubiao_4.jpg</Picture>
</GameClientConfig>