﻿<?xml version="1.0" encoding="utf-8" ?>
<IosPayCofing>
	<item  bid="com.zyl.qznn">
		<price  value="12" name ="com_bzw_qznn_2" /> 
	</item>
	<item  bid="com.bzw.zuanshi">
		<price  value="6" name ="com.bzw.zuanshi101" />
		<price  value="18" name ="com.bzw.zuanshi102"/>
		<price  value="30" name ="com.bzw.zuanshi103" />
		<price  value="68" name ="com.bzw.zuanshi104" />
		<price  value="128" name ="com.bzw.zuanshi105" />
		<price  value="328" name ="com.bzw.zuanshi106" />
		<price  value="648" name ="com.bzw.zuanshi107" />
	</item>
  <item  bid="com.bzw.fangka">
    <price  value="6" name ="com.bzw.fangka101" />
    <price  value="18" name ="com.bzw.fangka102"/>
    <price  value="30" name ="com.bzw.fangka103" />
    <price  value="68" name ="com.bzw.fangka104" />
    <price  value="128" name ="com.bzw.fangka105" />
    <price  value="328" name ="com.bzw.fangka106" />
    <price  value="648" name ="com.bzw.fangka107" />
  </item>
  <item  bid="com.bzw.shouchong">
    <price  value="6" name ="com.bzw.shouchong" />
  </item>
</IosPayCofing>