﻿<?xml version="1.0" encoding="utf-8"?>
<SeoConfig xmlns:xsi="http://www.w3.org/2001/XMLSchema-instance" xmlns:xsd="http://www.w3.org/2001/XMLSchema">
  <Index>
    <Title>紫金阁-中国最专业的棋牌游戏</Title>
    <Keywords>紫金阁，棋牌游戏，棋牌平台，紫金阁棋牌</Keywords>
    <Description>紫金阁-中国最专业的棋牌游戏平台。真人竞技，万人在线，奖励丰富，24小时客服服务。</Description>
  </Index>
  <Ranking />
  <Login>
    <Title />
    <Keywords />
    <Description />
  </Login>
  <Register>
    <Title />
    <Keywords />
    <Description />
  </Register>
  <PageDown>
    <Title>棋牌游戏下载</Title>
    <Keywords>棋牌游戏下载</Keywords>
    <Description>棋牌游戏下载</Description>
  </PageDown>
  <PageNews>
    <Title>huodongzhongxin</Title>
    <Keywords />
    <Description />
  </PageNews>
  <PagePay>
    <Title />
    <Keywords />
    <Description />
  </PagePay>
  <PageSafety>
    <Title>紫金阁棋牌游戏平台</Title>
    <Keywords>紫金阁棋牌游戏平台</Keywords>
    <Description>紫金阁棋牌游戏平台</Description>
  </PageSafety>
  <PageMall>
    <Title />
    <Keywords />
    <Description />
  </PageMall>
  <PagePropMall>
    <Title />
    <Keywords />
    <Description />
  </PagePropMall>
  <PageMatch>
    <Title />
    <Keywords />
    <Description />
  </PageMatch>
  <PageFaq>
    <Title />
    <Keywords />
    <Description />
  </PageFaq>
  <PageVIP />
  <PageFriend>
    <Title />
    <Keywords />
    <Description />
  </PageFriend>
  <PageAlbum>
    <Title />
    <Keywords />
    <Description />
  </PageAlbum>
  <PageStory>
    <Title />
    <Keywords />
    <Description />
  </PageStory>
</SeoConfig>