﻿<?xml version="1.0" encoding="utf-8"?><Root><Hot><Item><ID>844</ID><ColumnTitle>调查问卷</ColumnTitle><Title>新游戏上线鸟~~~</Title><URL>/questionnaire/844.html</URL><PublishDate>2015/7/22 17:35:48</PublishDate><IsSetTop>3</IsSetTop><TitleColor /><ColumnSign>questionnaire</ColumnSign></Item><Item><ID>837</ID><ColumnTitle>公告</ColumnTitle><Title>欢乐斗牛优化公告</Title><URL>/announce/837.html</URL><PublishDate>2015/7/18 15:23:29</PublishDate><IsSetTop>0</IsSetTop><TitleColor /><ColumnSign>announce</ColumnSign></Item><Item><ID>826</ID><ColumnTitle>公告</ColumnTitle><Title>奖券兑换公告</Title><URL>/announce/826.html</URL><PublishDate>2015/7/17 10:42:10</PublishDate><IsSetTop>0</IsSetTop><TitleColor /><ColumnSign>announce</ColumnSign></Item><Item><ID>825</ID><ColumnTitle>调查问卷</ColumnTitle><Title>斗地主调查问卷</Title><URL>/questionnaire/825.html</URL><PublishDate>2015/7/15 13:58:16</PublishDate><IsSetTop>0</IsSetTop><TitleColor /><ColumnSign>questionnaire</ColumnSign></Item><Item><ID>823</ID><ColumnTitle>公告</ColumnTitle><Title>14日更新公告！</Title><URL>/announce/823.html</URL><PublishDate>2015/7/13 18:13:38</PublishDate><IsSetTop>0</IsSetTop><TitleColor /><ColumnSign>announce</ColumnSign></Item><Item><ID>820</ID><ColumnTitle>公告</ColumnTitle><Title>弹窗调查公布结果</Title><URL>/announce/820.html</URL><PublishDate>2015/7/10 15:29:45</PublishDate><IsSetTop>0</IsSetTop><TitleColor /><ColumnSign>announce</ColumnSign></Item></Hot><News><Item><ID>565</ID><ColumnTitle>新闻</ColumnTitle><Title>棋牌行业：解密点点妙合作内幕 分成竟高达70%</Title><URL>/newscenter/565.html</URL><PublishDate>2014/9/23 17:37:40</PublishDate><IsSetTop>0</IsSetTop><TitleColor /><ColumnSign>newscenter</ColumnSign></Item><Item><ID>564</ID><ColumnTitle>新闻</ColumnTitle><Title>走进点点妙 且看棋牌大亨如何颠覆快播江湖</Title><URL>/newscenter/564.html</URL><PublishDate>2014/9/23 16:44:06</PublishDate><IsSetTop>0</IsSetTop><TitleColor /><ColumnSign>newscenter</ColumnSign></Item><Item><ID>550</ID><ColumnTitle>新闻</ColumnTitle><Title>传统棋牌行业遇冷 乐猴借点点妙火爆四川</Title><URL>/newscenter/550.html</URL><PublishDate>2014/9/16 16:23:07</PublishDate><IsSetTop>0</IsSetTop><TitleColor>#FF6699</TitleColor><ColumnSign>newscenter</ColumnSign></Item><Item><ID>547</ID><ColumnTitle>新闻</ColumnTitle><Title>快播原办公楼易主 现公司竟是棋牌游戏大鳄</Title><URL>/newscenter/547.html</URL><PublishDate>2014/9/12 9:51:20</PublishDate><IsSetTop>0</IsSetTop><TitleColor>#FF33CC</TitleColor><ColumnSign>newscenter</ColumnSign></Item><Item><ID>537</ID><ColumnTitle>新闻</ColumnTitle><Title>行业内幕：代理棋牌游戏时如何避免被骗</Title><URL>/newscenter/537.html</URL><PublishDate>2014/8/27 18:27:19</PublishDate><IsSetTop>0</IsSetTop><TitleColor /><ColumnSign>newscenter</ColumnSign></Item><Item><ID>463</ID><ColumnTitle>新闻</ColumnTitle><Title>同时在线突破万人，8成专业棋牌玩家选择紫金阁</Title><URL>/newscenter/463.html</URL><PublishDate>2014/4/15 11:47:24</PublishDate><IsSetTop>0</IsSetTop><TitleColor /><ColumnSign>newscenter</ColumnSign></Item></News><Announce><Item><ID>843</ID><ColumnTitle>公告</ColumnTitle><Title>短信充值系统升级</Title><URL>/announce/843.html</URL><PublishDate>2015/7/21 11:46:02</PublishDate><IsSetTop>1</IsSetTop><TitleColor /><ColumnSign>announce</ColumnSign></Item><Item><ID>837</ID><ColumnTitle>公告</ColumnTitle><Title>欢乐斗牛优化公告</Title><URL>/announce/837.html</URL><PublishDate>2015/7/18 15:23:29</PublishDate><IsSetTop>0</IsSetTop><TitleColor /><ColumnSign>announce</ColumnSign></Item><Item><ID>826</ID><ColumnTitle>公告</ColumnTitle><Title>奖券兑换公告</Title><URL>/announce/826.html</URL><PublishDate>2015/7/17 10:42:10</PublishDate><IsSetTop>0</IsSetTop><TitleColor /><ColumnSign>announce</ColumnSign></Item><Item><ID>823</ID><ColumnTitle>公告</ColumnTitle><Title>14日更新公告！</Title><URL>/announce/823.html</URL><PublishDate>2015/7/13 18:13:38</PublishDate><IsSetTop>0</IsSetTop><TitleColor /><ColumnSign>announce</ColumnSign></Item><Item><ID>820</ID><ColumnTitle>公告</ColumnTitle><Title>弹窗调查公布结果</Title><URL>/announce/820.html</URL><PublishDate>2015/7/10 15:29:45</PublishDate><IsSetTop>0</IsSetTop><TitleColor /><ColumnSign>announce</ColumnSign></Item><Item><ID>451</ID><ColumnTitle>公告</ColumnTitle><Title>作弊处罚制度</Title><URL>/announce/451.html</URL><PublishDate>2015/7/10 15:14:39</PublishDate><IsSetTop>0</IsSetTop><TitleColor /><ColumnSign>announce</ColumnSign></Item></Announce><Activity><Item><ID>792</ID><ColumnTitle>活动</ColumnTitle><Title>想赚钱？当玩家经纪人</Title><URL>/activity/792.html</URL><PublishDate>2015/6/3 18:24:17</PublishDate><IsSetTop>0</IsSetTop><TitleColor /><ColumnSign>activity</ColumnSign></Item><Item><ID>410</ID><ColumnTitle>活动</ColumnTitle><Title>月末三千元赛</Title><URL>/activity/410.html</URL><PublishDate>2015/5/28 14:10:22</PublishDate><IsSetTop>0</IsSetTop><TitleColor /><ColumnSign>activity</ColumnSign></Item><Item><ID>521</ID><ColumnTitle>活动</ColumnTitle><Title>关注微信 领取微信红包</Title><URL>/activity/521.html</URL><PublishDate>2015/4/15 18:34:09</PublishDate><IsSetTop>0</IsSetTop><TitleColor>#CC0066</TitleColor><ColumnSign>activity</ColumnSign></Item><Item><ID>519</ID><ColumnTitle>活动</ColumnTitle><Title>首次充值，十元返金券</Title><URL>/activity/519.html</URL><PublishDate>2015/4/15 12:15:07</PublishDate><IsSetTop>0</IsSetTop><TitleColor /><ColumnSign>activity</ColumnSign></Item><Item><ID>763</ID><ColumnTitle>活动</ColumnTitle><Title>首充返利</Title><URL>/activity/763.html</URL><PublishDate>2015/4/15 10:00:15</PublishDate><IsSetTop>0</IsSetTop><TitleColor /><ColumnSign>activity</ColumnSign></Item><Item><ID>636</ID><ColumnTitle>活动</ColumnTitle><Title>vip特权，任性</Title><URL>/activity/636.html</URL><PublishDate>2015/4/14 13:56:56</PublishDate><IsSetTop>0</IsSetTop><TitleColor /><ColumnSign>activity</ColumnSign></Item></Activity><Plat><Item><ID>844</ID><ColumnTitle>调查问卷</ColumnTitle><Title>新游戏上线鸟~~~</Title><URL>http://www.dnn.cn/News/QuesInvestigation.aspx?invid=4</URL><PublishDate>2015/7/22 17:35:48</PublishDate><IsSetTop>3</IsSetTop><TitleColor /><ColumnSign>questionnaire</ColumnSign></Item><Item><ID>843</ID><ColumnTitle>公告</ColumnTitle><Title>短信充值系统升级</Title><URL>/News/ShowNews.aspx?params=843</URL><PublishDate>2015/7/21 11:46:02</PublishDate><IsSetTop>1</IsSetTop><TitleColor /><ColumnSign>announce</ColumnSign></Item><Item><ID>837</ID><ColumnTitle>公告</ColumnTitle><Title>欢乐斗牛优化公告</Title><URL>/News/ShowNews.aspx?params=837</URL><PublishDate>2015/7/18 15:23:29</PublishDate><IsSetTop>0</IsSetTop><TitleColor /><ColumnSign>announce</ColumnSign></Item><Item><ID>826</ID><ColumnTitle>公告</ColumnTitle><Title>奖券兑换公告</Title><URL>/News/ShowNews.aspx?params=826</URL><PublishDate>2015/7/17 10:42:10</PublishDate><IsSetTop>0</IsSetTop><TitleColor /><ColumnSign>announce</ColumnSign></Item><Item><ID>825</ID><ColumnTitle>调查问卷</ColumnTitle><Title>斗地主调查问卷</Title><URL>http://www.dnn.cn/News/QuesInvestigation.aspx?invid=3</URL><PublishDate>2015/7/15 13:58:16</PublishDate><IsSetTop>0</IsSetTop><TitleColor /><ColumnSign>questionnaire</ColumnSign></Item><Item><ID>823</ID><ColumnTitle>公告</ColumnTitle><Title>14日更新公告！</Title><URL>/News/ShowNews.aspx?params=823</URL><PublishDate>2015/7/13 18:13:38</PublishDate><IsSetTop>0</IsSetTop><TitleColor /><ColumnSign>announce</ColumnSign></Item></Plat></Root>